timestamp, pstate, clocks.current.graphics [MHz], clocks.current.memory [MHz], utilization.gpu [%], power.draw [W]
2026/09/26 17:43:39.117, P8, 232 MHz, 405 MHz, 0 %, 11.55 W
2026/09/26 17:43:39.372, P8, 232 MHz, 405 MHz, 1 %, 11.58 W
2026/09/26 17:43:39.627, P8, 232 MHz, 405 MHz, 1 %, 11.58 W
2026/09/26 17:43:39.882, P8, 210 MHz, 405 MHz, 0 %, 11.57 W
2026/09/26 17:43:40.138, P8, 210 MHz, 405 MHz, 0 %, 11.57 W
2026/09/26 17:43:40.396, P8, 210 MHz, 405 MHz, 0 %, 11.56 W
2026/09/26 17:43:40.652, P8, 210 MHz, 405 MHz, 0 %, 11.56 W
2026/09/26 17:43:40.907, P8, 210 MHz, 405 MHz, 0 %, 11.49 W
2026/09/26 17:43:41.163, P8, 210 MHz, 405 MHz, 0 %, 11.49 W
2026/09/26 17:43:41.418, P8, 210 MHz, 405 MHz, 0 %, 11.50 W
2026/09/26 17:43:41.675, P8, 210 MHz, 405 MHz, 0 %, 11.50 W
2026/09/26 17:43:41.930, P8, 210 MHz, 405 MHz, 0 %, 11.46 W
2026/09/26 17:43:42.185, P8, 210 MHz, 405 MHz, 0 %, 11.42 W
2026/09/26 17:43:42.441, P8, 210 MHz, 405 MHz, 0 %, 11.42 W
2026/09/26 17:43:42.695, P8, 210 MHz, 405 MHz, 0 %, 11.46 W
2026/09/26 17:43:42.949, P8, 210 MHz, 405 MHz, 0 %, 11.46 W
2026/09/26 17:43:43.205, P8, 210 MHz, 405 MHz, 0 %, 11.54 W
2026/09/26 17:43:43.461, P8, 210 MHz, 405 MHz, 0 %, 11.54 W
2026/09/26 17:43:43.717, P8, 210 MHz, 405 MHz, 0 %, 11.51 W
2026/09/26 17:43:43.972, P8, 210 MHz, 405 MHz, 0 %, 11.51 W
2026/09/26 17:43:44.228, P8, 210 MHz, 405 MHz, 0 %, 11.47 W
2026/09/26 17:43:44.484, P8, 210 MHz, 405 MHz, 0 %, 11.47 W
2026/09/26 17:43:44.739, P8, 210 MHz, 405 MHz, 6 %, 11.50 W
2026/09/26 17:43:44.993, P8, 210 MHz, 405 MHz, 6 %, 11.50 W
2026/09/26 17:43:45.247, P8, 210 MHz, 405 MHz, 6 %, 11.57 W
2026/09/26 17:43:45.503, P8, 210 MHz, 405 MHz, 6 %, 11.57 W
2026/09/26 17:43:45.757, P8, 210 MHz, 405 MHz, 6 %, 11.59 W
2026/09/26 17:43:46.012, P8, 210 MHz, 405 MHz, 6 %, 11.59 W
2026/09/26 17:43:46.267, P8, 210 MHz, 405 MHz, 0 %, 11.58 W
2026/09/26 17:43:46.522, P8, 210 MHz, 405 MHz, 0 %, 11.58 W
2026/09/26 17:43:46.777, P8, 210 MHz, 405 MHz, 0 %, 11.53 W
2026/09/26 17:43:47.032, P8, 210 MHz, 405 MHz, 0 %, 11.53 W
2026/09/26 17:43:47.288, P8, 210 MHz, 405 MHz, 0 %, 11.56 W
2026/09/26 17:43:47.544, P8, 210 MHz, 405 MHz, 0 %, 11.56 W
2026/09/26 17:43:47.799, P8, 210 MHz, 405 MHz, 0 %, 11.52 W
2026/09/26 17:43:48.055, P8, 210 MHz, 405 MHz, 0 %, 11.52 W
2026/09/26 17:43:48.311, P8, 210 MHz, 405 MHz, 0 %, 11.49 W
2026/09/26 17:43:48.565, P8, 210 MHz, 405 MHz, 0 %, 11.49 W
2026/09/26 17:43:48.820, P8, 210 MHz, 405 MHz, 0 %, 11.49 W
2026/09/26 17:43:49.075, P8, 210 MHz, 405 MHz, 0 %, 11.49 W
2026/09/26 17:43:49.329, P8, 210 MHz, 405 MHz, 0 %, 10.29 W
2026/09/26 17:43:49.582, P8, 210 MHz, 405 MHz, 0 %, 10.29 W
2026/09/26 17:43:49.839, P0, 1282 MHz, 6001 MHz, 5 %, 18.53 W
2026/09/26 17:43:50.091, P0, 1282 MHz, 6001 MHz, 5 %, 18.53 W
2026/09/26 17:43:50.343, P0, 1282 MHz, 6001 MHz, 20 %, 21.30 W
2026/09/26 17:43:50.594, P0, 1282 MHz, 6001 MHz, 20 %, 21.30 W
2026/09/26 17:43:50.849, P0, 1282 MHz, 6001 MHz, 20 %, 21.33 W
2026/09/26 17:43:51.103, P0, 1282 MHz, 6001 MHz, 20 %, 21.33 W
2026/09/26 17:43:51.363, P0, 1282 MHz, 6001 MHz, 20 %, 21.34 W
2026/09/26 17:43:51.623, P0, 1282 MHz, 6001 MHz, 20 %, 21.34 W
2026/09/26 17:43:51.874, P5, 787 MHz, 810 MHz, 33 %, 16.60 W
2026/09/26 17:43:52.132, P5, 787 MHz, 810 MHz, 33 %, 16.60 W
2026/09/26 17:43:52.384, P5, 757 MHz, 810 MHz, 33 %, 15.20 W
2026/09/26 17:43:52.642, P5, 757 MHz, 810 MHz, 33 %, 15.20 W
2026/09/26 17:43:52.901, P5, 727 MHz, 810 MHz, 35 %, 14.65 W
2026/09/26 17:43:53.158, P5, 727 MHz, 810 MHz, 35 %, 14.65 W
2026/09/26 17:43:53.413, P5, 705 MHz, 810 MHz, 35 %, 14.57 W
2026/09/26 17:43:53.670, P5, 705 MHz, 810 MHz, 35 %, 14.57 W
2026/09/26 17:43:53.923, P5, 682 MHz, 810 MHz, 35 %, 14.28 W
2026/09/26 17:43:54.183, P5, 667 MHz, 810 MHz, 36 %, 14.56 W
2026/09/26 17:43:54.435, P5, 667 MHz, 810 MHz, 36 %, 14.56 W
2026/09/26 17:43:54.693, P5, 645 MHz, 810 MHz, 36 %, 14.28 W
2026/09/26 17:43:54.947, P5, 645 MHz, 810 MHz, 36 %, 14.28 W
2026/09/26 17:43:55.201, P5, 630 MHz, 810 MHz, 36 %, 14.57 W
2026/09/26 17:43:55.456, P5, 630 MHz, 810 MHz, 36 %, 14.57 W
2026/09/26 17:43:55.713, P5, 615 MHz, 810 MHz, 36 %, 14.33 W
2026/09/26 17:43:55.973, P5, 615 MHz, 810 MHz, 36 %, 14.33 W
2026/09/26 17:43:56.233, P5, 600 MHz, 810 MHz, 37 %, 15.13 W
2026/09/26 17:43:56.493, P5, 600 MHz, 810 MHz, 37 %, 15.13 W
2026/09/26 17:43:56.745, P0, 1282 MHz, 6001 MHz, 25 %, 21.99 W
2026/09/26 17:43:57.002, P0, 1282 MHz, 6001 MHz, 25 %, 21.99 W
2026/09/26 17:43:57.261, P0, 1282 MHz, 6001 MHz, 21 %, 21.80 W
2026/09/26 17:43:57.513, P0, 1282 MHz, 6001 MHz, 21 %, 21.80 W
2026/09/26 17:43:57.773, P0, 1282 MHz, 6001 MHz, 21 %, 22.03 W
2026/09/26 17:43:58.023, P0, 1282 MHz, 6001 MHz, 21 %, 22.03 W
2026/09/26 17:43:58.283, P0, 1282 MHz, 6001 MHz, 21 %, 22.16 W
2026/09/26 17:43:58.533, P0, 1282 MHz, 6001 MHz, 21 %, 22.16 W
2026/09/26 17:43:58.793, P5, 885 MHz, 810 MHz, 39 %, 17.18 W
2026/09/26 17:43:59.052, P5, 885 MHz, 810 MHz, 39 %, 17.18 W
2026/09/26 17:43:59.305, P5, 930 MHz, 810 MHz, 39 %, 15.56 W
2026/09/26 17:43:59.562, P5, 930 MHz, 810 MHz, 39 %, 15.56 W
2026/09/26 17:43:59.821, P5, 937 MHz, 810 MHz, 38 %, 17.43 W
2026/09/26 17:44:00.073, P5, 937 MHz, 810 MHz, 38 %, 17.43 W
2026/09/26 17:44:00.323, P5, 960 MHz, 810 MHz, 39 %, 15.76 W
2026/09/26 17:44:00.574, P5, 960 MHz, 810 MHz, 39 %, 15.76 W
2026/09/26 17:44:00.829, P5, 960 MHz, 810 MHz, 39 %, 15.40 W
2026/09/26 17:44:01.083, P5, 960 MHz, 810 MHz, 39 %, 15.40 W
2026/09/26 17:44:01.333, P5, 967 MHz, 810 MHz, 39 %, 15.42 W
2026/09/26 17:44:01.593, P5, 967 MHz, 810 MHz, 39 %, 15.42 W
2026/09/26 17:44:01.846, P5, 967 MHz, 810 MHz, 39 %, 15.28 W
2026/09/26 17:44:02.103, P5, 967 MHz, 810 MHz, 39 %, 15.28 W
2026/09/26 17:44:02.363, P3, 975 MHz, 5501 MHz, 25 %, 16.46 W
2026/09/26 17:44:02.623, P3, 975 MHz, 5501 MHz, 25 %, 16.46 W
2026/09/26 17:44:02.883, P3, 975 MHz, 5501 MHz, 25 %, 19.08 W
2026/09/26 17:44:03.143, P3, 975 MHz, 5501 MHz, 25 %, 19.08 W
2026/09/26 17:44:03.395, P0, 975 MHz, 6001 MHz, 29 %, 19.95 W
2026/09/26 17:44:03.654, P0, 975 MHz, 6001 MHz, 29 %, 19.95 W
2026/09/26 17:44:03.912, P0, 975 MHz, 6001 MHz, 26 %, 19.77 W
2026/09/26 17:44:04.163, P0, 975 MHz, 6001 MHz, 26 %, 19.77 W
2026/09/26 17:44:04.417, P3, 750 MHz, 5501 MHz, 31 %, 19.04 W
2026/09/26 17:44:04.673, P3, 750 MHz, 5501 MHz, 31 %, 19.04 W
2026/09/26 17:44:04.923, P3, 750 MHz, 5501 MHz, 27 %, 19.07 W
2026/09/26 17:44:05.183, P3, 750 MHz, 5501 MHz, 27 %, 19.05 W
2026/09/26 17:44:05.443, P3, 750 MHz, 5501 MHz, 27 %, 19.05 W
2026/09/26 17:44:05.698, P5, 750 MHz, 810 MHz, 40 %, 15.46 W
2026/09/26 17:44:05.953, P5, 750 MHz, 810 MHz, 40 %, 15.46 W
2026/09/26 17:44:06.212, P5, 772 MHz, 810 MHz, 39 %, 15.28 W
2026/09/26 17:44:06.463, P5, 772 MHz, 810 MHz, 39 %, 15.28 W
2026/09/26 17:44:06.723, P5, 780 MHz, 810 MHz, 39 %, 15.16 W
2026/09/26 17:44:06.982, P5, 780 MHz, 810 MHz, 39 %, 15.16 W
2026/09/26 17:44:07.235, P5, 802 MHz, 810 MHz, 39 %, 15.28 W
2026/09/26 17:44:07.488, P5, 802 MHz, 810 MHz, 39 %, 15.28 W
2026/09/26 17:44:07.743, P5, 810 MHz, 810 MHz, 39 %, 15.22 W
2026/09/26 17:44:07.997, P5, 810 MHz, 810 MHz, 39 %, 15.22 W
2026/09/26 17:44:08.253, P5, 825 MHz, 810 MHz, 39 %, 15.29 W
2026/09/26 17:44:08.504, P5, 825 MHz, 810 MHz, 39 %, 15.29 W
2026/09/26 17:44:08.763, P5, 840 MHz, 810 MHz, 39 %, 15.26 W
2026/09/26 17:44:09.024, P5, 840 MHz, 810 MHz, 39 %, 15.26 W
2026/09/26 17:44:09.282, P5, 862 MHz, 810 MHz, 33 %, 14.87 W
2026/09/26 17:44:09.533, P5, 862 MHz, 810 MHz, 33 %, 14.87 W
2026/09/26 17:44:09.790, P5, 862 MHz, 810 MHz, 33 %, 14.78 W
2026/09/26 17:44:10.043, P5, 862 MHz, 810 MHz, 33 %, 14.78 W
2026/09/26 17:44:10.295, P5, 862 MHz, 810 MHz, 33 %, 14.75 W
2026/09/26 17:44:10.550, P5, 862 MHz, 810 MHz, 33 %, 14.75 W
2026/09/26 17:44:10.803, P5, 787 MHz, 810 MHz, 33 %, 14.66 W
2026/09/26 17:44:11.062, P5, 787 MHz, 810 MHz, 33 %, 14.66 W
2026/09/26 17:44:11.313, P5, 765 MHz, 810 MHz, 33 %, 14.62 W
2026/09/26 17:44:11.574, P5, 765 MHz, 810 MHz, 33 %, 14.62 W
2026/09/26 17:44:11.833, P5, 742 MHz, 810 MHz, 34 %, 14.67 W
2026/09/26 17:44:12.091, P5, 742 MHz, 810 MHz, 34 %, 14.67 W
2026/09/26 17:44:12.344, P5, 720 MHz, 810 MHz, 34 %, 14.67 W
2026/09/26 17:44:12.602, P5, 720 MHz, 810 MHz, 34 %, 14.67 W
2026/09/26 17:44:12.858, P5, 690 MHz, 810 MHz, 34 %, 14.55 W
2026/09/26 17:44:13.113, P5, 690 MHz, 810 MHz, 34 %, 14.55 W
2026/09/26 17:44:13.373, P5, 675 MHz, 810 MHz, 34 %, 14.72 W
2026/09/26 17:44:13.633, P5, 675 MHz, 810 MHz, 34 %, 14.72 W
2026/09/26 17:44:13.884, P5, 645 MHz, 810 MHz, 20 %, 13.38 W
2026/09/26 17:44:14.145, P5, 645 MHz, 810 MHz, 20 %, 13.38 W
2026/09/26 17:44:14.407, P5, 532 MHz, 810 MHz, 0 %, 11.85 W
2026/09/26 17:44:14.662, P5, 532 MHz, 810 MHz, 0 %, 11.85 W
2026/09/26 17:44:14.918, P5, 487 MHz, 810 MHz, 37 %, 14.37 W
2026/09/26 17:44:15.173, P5, 487 MHz, 810 MHz, 37 %, 14.37 W
2026/09/26 17:44:15.433, P5, 480 MHz, 810 MHz, 37 %, 14.52 W
2026/09/26 17:44:15.687, P5, 472 MHz, 810 MHz, 38 %, 14.10 W
2026/09/26 17:44:15.943, P5, 472 MHz, 810 MHz, 38 %, 14.10 W
2026/09/26 17:44:16.202, P5, 465 MHz, 810 MHz, 38 %, 14.56 W
2026/09/26 17:44:16.453, P5, 465 MHz, 810 MHz, 38 %, 14.56 W
2026/09/26 17:44:16.713, P5, 450 MHz, 810 MHz, 38 %, 14.56 W
2026/09/26 17:44:16.969, P5, 450 MHz, 810 MHz, 38 %, 14.56 W
2026/09/26 17:44:17.226, P5, 450 MHz, 810 MHz, 38 %, 14.62 W
2026/09/26 17:44:17.483, P5, 450 MHz, 810 MHz, 38 %, 14.62 W
2026/09/26 17:44:17.735, P5, 435 MHz, 810 MHz, 37 %, 14.61 W
2026/09/26 17:44:17.993, P5, 435 MHz, 810 MHz, 37 %, 14.61 W
2026/09/26 17:44:18.247, P5, 435 MHz, 810 MHz, 38 %, 14.66 W
2026/09/26 17:44:18.503, P5, 435 MHz, 810 MHz, 38 %, 14.66 W
2026/09/26 17:44:18.757, P5, 427 MHz, 810 MHz, 39 %, 14.58 W
2026/09/26 17:44:19.016, P5, 427 MHz, 810 MHz, 39 %, 14.58 W
2026/09/26 17:44:19.273, P5, 495 MHz, 810 MHz, 40 %, 19.21 W
2026/09/26 17:44:19.524, P5, 495 MHz, 810 MHz, 40 %, 19.21 W
2026/09/26 17:44:19.784, P5, 495 MHz, 810 MHz, 36 %, 14.61 W
2026/09/26 17:44:20.043, P5, 495 MHz, 810 MHz, 36 %, 14.61 W
2026/09/26 17:44:20.298, P5, 495 MHz, 810 MHz, 37 %, 14.56 W
2026/09/26 17:44:20.557, P5, 495 MHz, 810 MHz, 37 %, 14.56 W
2026/09/26 17:44:20.813, P5, 495 MHz, 810 MHz, 37 %, 14.38 W
2026/09/26 17:44:21.074, P5, 495 MHz, 810 MHz, 37 %, 14.38 W
2026/09/26 17:44:21.334, P5, 465 MHz, 810 MHz, 38 %, 14.27 W
2026/09/26 17:44:21.585, P5, 465 MHz, 810 MHz, 38 %, 14.27 W
2026/09/26 17:44:21.840, P8, 412 MHz, 405 MHz, 3 %, 11.85 W
2026/09/26 17:44:22.103, P8, 412 MHz, 405 MHz, 3 %, 11.85 W
2026/09/26 17:44:22.359, P8, 345 MHz, 405 MHz, 15 %, 12.19 W
2026/09/26 17:44:22.614, P8, 345 MHz, 405 MHz, 15 %, 12.19 W
2026/09/26 17:44:22.868, P8, 270 MHz, 405 MHz, 0 %, 11.39 W
2026/09/26 17:44:23.125, P8, 270 MHz, 405 MHz, 0 %, 11.39 W
2026/09/26 17:44:23.382, P8, 225 MHz, 405 MHz, 0 %, 11.55 W
